State,Category,Search Query,Business Name,Address,Phone,Website,Rating,Reviews,Place URL
Texas,Auto Body Shop,"auto body shop in Texas, USA",Dallas Auto Body Repair,"11055 Harry Hines Blvd A, Dallas, TX 75229, United States",+19722434009,http://www.dallasautobodyrepair.com/,4.9,,https://www.google.com/maps/place/Dallas+Auto+Body+Repair/data=!4m7!3m6!1s0x864e9d7cbb3cca3d:0xa388a9b4426914f6!8m2!3d32.884486!4d-96.8874723!16s%2Fg%2F1tdmf8xx!19sChIJPco8u3ydToYR9hRpQrSpiKM
Texas,Auto Body Shop,"auto body shop in Texas, USA",Elite Auto Body Shop,"2341 Royal Ln Ste C, Dallas, TX 75229, United States",+14694962789,https://eliteautobodyshop.com/,5.0,,https://www.google.com/maps/place/Elite+Auto+Body+Shop/data=!4m7!3m6!1s0x864c273e88e53167:0x78f9a3b887317c76!8m2!3d32.8961825!4d-96.9003534!16s%2Fg%2F11qwsblcyl!19sChIJZzHliD4nTIYRdnwxh7ij-Xg
Texas,Auto Body Shop,"auto body shop in Texas, USA",Texas Body Works - Auto Body & Collision Repair,"2415 Midway Rd # 111, Carrollton, TX 75006, United States",+19722506722,http://www.texasbodyworks.com/,4.6,,https://www.google.com/maps/place/Texas+Body+Works+-+Auto+Body+%26+Collision+Repair/data=!4m7!3m6!1s0x864c26a84d6196d9:0xc2cac6c6de19575b!8m2!3d32.9793815!4d-96.8441162!16s%2Fg%2F1tf65wms!19sChIJ2ZZhTagmTIYRW1cZ3sbGysI
Texas,Auto Body Shop,"auto body shop in Texas, USA",texas complete body shop,"6410 Dick Price Rd, Mansfield, TX 76063, United States",+16823447137,,4.7,,https://www.google.com/maps/place/texas+complete+body+shop/data=!4m7!3m6!1s0x864e650ca5019b25:0x990d89659349e3d5!8m2!3d32.6066384!4d-97.2215368!16s%2Fg%2F11s5ty5gj5!19sChIJJZsBpQxlToYR1eNJk2WJDZk
Texas,Auto Body Shop,"auto body shop in Texas, USA",Texas Collision Centers,"10717 N Fwy Ste 151, Fort Worth, TX 76177, United States",+18179533300,https://www.texascollisioncenters.com/locations/north-fort-worth,5.0,,https://www.google.com/maps/place/Texas+Collision+Centers/data=!4m7!3m6!1s0x864dd9bb13e303c7:0xb47b8865d550787e!8m2!3d32.9312387!4d-97.3175882!16s%2Fg%2F11wqxstcx_!19sChIJxwPjE7vZTYYRfnhQ1WWIe7Q
Texas,Auto Body Shop,"auto body shop in Texas, USA",Texas Collision Centers,"6125 Peeler St, Dallas, TX 75235, United States",+19725289398,https://texascollisioncenters.com/locations/love-field/,4.9,,https://www.google.com/maps/place/Texas+Collision+Centers/data=!4m7!3m6!1s0x864e9f936002e25b:0xc41f359a591f7a8b!8m2!3d32.8300626!4d-96.8326831!16s%2Fg%2F11sf7sghx6!19sChIJW-ICYJOfToYRi3ofWZo1H8Q
Texas,Auto Body Shop,"auto body shop in Texas, USA",Texas Collision Centers,"1101 N Great SW Pkwy, Arlington, TX 76011, United States",+18172004040,https://texascollisioncenters.com/locations/arlington/,4.9,,https://www.google.com/maps/place/Texas+Collision+Centers/data=!4m7!3m6!1s0x864e879ad39039fb:0x433ffb084803b6b8!8m2!3d32.7625794!4d-97.0465637!16s%2Fg%2F11tp507mj1!19sChIJ-zmQ05qHToYRuLYDSAj7P0M
Texas,Auto Body Shop,"auto body shop in Texas, USA",Texas Auto Body,"2627 S Cooper St Suite B-22, Arlington, TX 76015, United States",+18178209773,https://www.texasautobodyarlington.com/,4.3,,https://www.google.com/maps/place/Texas+Auto+Body/data=!4m7!3m6!1s0x864e7d33907b7663:0xbe0864ef78b79e19!8m2!3d32.7003896!4d-97.1204137!16s%2Fg%2F1tfsc7nq!19sChIJY3Z7kDN9ToYRGZ63eO9kCL4
Texas,Auto Body Shop,"auto body shop in Texas, USA",Texas Auto Repair & Body Shop,"2215 Main St, Houston, TX 77002, United States",+17132235231,http://tridevcarcare.com/,4.1,,https://www.google.com/maps/place/Texas+Auto+Repair+%26+Body+Shop/data=!4m7!3m6!1s0x8640bf1524cd48d9:0xc04756137de3ad1e!8m2!3d29.7473649!4d-95.3720554!16s%2Fg%2F1tfhgsxc!19sChIJ2UjNJBW_QIYRHq3jfRNWR8A
Texas,Auto Body Shop,"auto body shop in Texas, USA",Texas Collision Centers,"100 Successful Dr suite 100, Fort Worth, TX 76140, United States",+18172074700,https://texascollisioncenters.com/locations/south-fort-worth,4.9,,https://www.google.com/maps/place/Texas+Collision+Centers/data=!4m7!3m6!1s0x864e6fb28918c8dd:0xbb5099b5a700aec5!8m2!3d32.6207555!4d-97.3225928!16s%2Fg%2F11krd205_3!19sChIJ3cgYibJvToYRxa4Ap7WZULs
Texas,Auto Body Shop,"auto body shop in Texas, USA",Texas Collision Centers,"2501 N Central Expy, Plano, TX 75075, United States",+14692149161,https://texascollisioncenters.com/locations/plano-central/,4.9,,https://www.google.com/maps/place/Texas+Collision+Centers/data=!4m7!3m6!1s0x864c195a19433c29:0x71bd32457159f7ff!8m2!3d33.0340347!4d-96.7074356!16s%2Fg%2F11qplz9f8y!19sChIJKTxDGVoZTIYR__dZcUUyvXE
Texas,Auto Body Shop,"auto body shop in Texas, USA",Texas Body Shop,"4900 McCarty Blvd, Amarillo, TX 79110, United States",+18063539818,https://www.texasbodyshopama.com/,4.5,,https://www.google.com/maps/place/Texas+Body+Shop/data=!4m7!3m6!1s0x87014ff6b0a658cf:0x2d56efd32029ab17!8m2!3d35.1601962!4d-101.872955!16s%2Fg%2F1whdjtfr!19sChIJz1imsPZPAYcRF6spINPvVi0
Texas,Auto Body Shop,"auto body shop in Texas, USA",Best for last auto body repair,"1119 Colorado Ln, Arlington, TX 76015, United States",+16825542179,,4.9,,https://www.google.com/maps/place/Best+for+last+auto+body+repair/data=!4m7!3m6!1s0x864e7d7b7e52bbaf:0xf119347a1ea562ea!8m2!3d32.7026329!4d-97.1235122!16s%2Fg%2F11hzyx7qq3!19sChIJr7tSfnt9ToYR6mKlHno0GfE
Texas,Auto Body Shop,"auto body shop in Texas, USA",Texas Collision Centers,"3737 Airport Fwy Ste 300, Bedford, TX 76021, United States",+18176622020,https://texascollisioncenters.com/locations/bedford/,4.9,,https://www.google.com/maps/place/Texas+Collision+Centers/data=!4m7!3m6!1s0x864e7fe934eb24bb:0xd0c75ee86be47598!8m2!3d32.8390409!4d-97.1091056!16s%2Fg%2F11kb07kt5q!19sChIJuyTrNOl_ToYRmHXka-hex9A
Texas,Auto Body Shop,"auto body shop in Texas, USA",TX Prestige Auto CO.,"10855 Jupiter Rd, Dallas, TX 75218, United States",+12147075224,http://txprestigeauto.com/,4.7,,https://www.google.com/maps/place/TX+Prestige+Auto+CO./data=!4m7!3m6!1s0x864ea74a6e5a4a23:0x5bfaac5b1208f806!8m2!3d32.8444649!4d-96.6851127!16s%2Fg%2F12vt6ds51!19sChIJI0pabkqnToYRBvgIElus-ls
Texas,Auto Body Shop,"auto body shop in Texas, USA",Trans Auto Body,"1204 Colorado Ln, Arlington, TX 76015, United States",+18172769181,https://transautobody.com/,4.8,,https://www.google.com/maps/place/Trans+Auto+Body/data=!4m7!3m6!1s0x864e7d318a501def:0x2eaf3dddeb9e15f8!8m2!3d32.7019354!4d-97.1242324!16s%2Fg%2F1tj89v87!19sChIJ7x1QijF9ToYR-BWe6909ry4
Texas,Auto Body Shop,"auto body shop in Texas, USA",AUTO COLLISION BODY REPAIR,"1961 E Frankford Rd SUITE 110, Carrollton, TX 75007, United States",+14692893304,https://www.facebook.com/Auto-Collision-Body-Repair-434954663545206/,4.9,,https://www.google.com/maps/place/AUTO+COLLISION+BODY+REPAIR/data=!4m7!3m6!1s0x864c25ca1eb3dd29:0x4de4288e84bdfb4a!8m2!3d33.0006917!4d-96.8830628!16s%2Fg%2F11dfxwbp8q!19sChIJKd2zHsolTIYRSvu9hI4o5E0
Texas,Auto Body Shop,"auto body shop in Texas, USA",Texas Five Star Paint & Body,"214 Range Dr, Garland, TX 75040, United States",+14695837377,https://texasfivestarpaintandbody.com/,5.0,,https://www.google.com/maps/place/Texas+Five+Star+Paint+%26+Body/data=!4m7!3m6!1s0x864c1d1967da4713:0x2a5fdb5d453210e!8m2!3d32.9210903!4d-96.6327826!16s%2Fg%2F11rndn42mm!19sChIJE0faZxkdTIYRDiFT1LX9pQI
Texas,Auto Body Shop,"auto body shop in Texas, USA",Texas Collision Centers,"1100 S Main St, Mansfield, TX 76063, United States",+18175926300,https://www.texascollisioncenters.com/locations/mansfield,4.9,,https://www.google.com/maps/place/Texas+Collision+Centers/data=!4m7!3m6!1s0x864e61ea34d562ab:0x9d795a7ee41b9bb9!8m2!3d32.550175!4d-97.131311!16s%2Fg%2F11m5zxzrzv!19sChIJq2LVNOphToYRuZsb5H5aeZ0
Texas,Auto Body Shop,"auto body shop in Texas, USA",Automotive Collision Specialist | Auto Body Collision Repair,"548 TX-7 East, Center, TX 75935, United States",+19365983210,http://www.autocollision-specialists.com/,4.7,,https://www.google.com/maps/place/Automotive+Collision+Specialist+%7C+Auto+Body+Collision+Repair/data=!4m7!3m6!1s0x86376efcde8d6863:0xcd32721a78930caa!8m2!3d31.8121493!4d-94.1617107!16s%2Fg%2F1tdc5lnp!19sChIJY2iN3vxuN4YRqgyTeBpyMs0
Texas,Auto Body Shop,"auto body shop in Texas, USA",Texas mobile auto body repairs,"16538 Larchwood Dr, Humble, TX 77396, United States",+18322105357,,4.8,,https://www.google.com/maps/place/Texas+mobile+auto+body+repairs/data=!4m7!3m6!1s0x8640b39cced9ea73:0xb4977fb0da48803a!8m2!3d29.9610244!4d-95.2954345!16s%2Fg%2F11h3k3rsm5!19sChIJc-rZzpyzQIYROoBI2rB_l7Q
Texas,Auto Body Shop,"auto body shop in Texas, USA",2001 Body Shop,"3195 FM2001, Buda, TX 78610, United States",+15128973989,https://www.facebook.com/2001%20AUTO%20BODY%20SHOP%20LLC,4.9,,https://www.google.com/maps/place/2001+Body+Shop/data=!4m7!3m6!1s0x865b5338fbd2afa1:0x253e44503cdb2a42!8m2!3d30.0454559!4d-97.7989994!16s%2Fg%2F11jlz_symx!19sChIJoa_S-zhTW4YRQirbPFBEPiU
Texas,Auto Body Shop,"auto body shop in Texas, USA",West Texas Collison Center,"201 S Mineola St, Midland, TX 79701, United States",+14326835113,https://www.facebook.com/West-Texas-Collision-Center-122224657836104/,4.8,,https://www.google.com/maps/place/West+Texas+Collison+Center/data=!4m7!3m6!1s0x86f962839b4891a5:0x62038b056170263f!8m2!3d31.9963828!4d-102.066648!16s%2Fg%2F1td38prm!19sChIJpZFIm4Ni-YYRPyZwYQWLA2I
Texas,Auto Body Shop,"auto body shop in Texas, USA",Adjustable Auto Body Repair,"Service Road, 201 N Central Expy, Richardson, TX 75080, United States",+19727996031,https://adjustableautorepair.com/,4.9,,https://www.google.com/maps/place/Adjustable+Auto+Body+Repair/data=!4m7!3m6!1s0x864c1f2d61b9b6ed:0xf2dd319c34c87a26!8m2!3d32.9519201!4d-96.7346223!16s%2Fg%2F11tj93bb6v!19sChIJ7ba5YS0fTIYRJnrINJwx3fI
Texas,Auto Body Shop,"auto body shop in Texas, USA",AA AUTO BODY SHOP,"11310 Newkirk St suite B, Dallas, TX 75229, United States",+12145412788,https://www.facebook.com/share/16vRwwj7ZM/?mibextid=wwXIfr,5.0,,https://www.google.com/maps/place/AA+AUTO+BODY+SHOP/data=!4m7!3m6!1s0x864c27322fd96c41:0xae7cd28a5d1b8715!8m2!3d32.8933779!4d-96.9073814!16s%2Fg%2F11gvrq5jjd!19sChIJQWzZLzInTIYRFYcbXYrSfK4
Texas,Auto Body Shop,"auto body shop in Texas, USA",Efren Paint & Body Shop since 1975,"1135 Texas Ave, Texas City, TX 77590, United States",+14099488615,,4.9,,https://www.google.com/maps/place/Efren+Paint+%26+Body+Shop+since+1975/data=!4m7!3m6!1s0x863f79c8f1b3d777:0x1fee943800ddd293!8m2!3d29.3837076!4d-94.9111573!16s%2Fg%2F113jrm78h!19sChIJd9ez8ch5P4YRk9LdADiU7h8
Texas,Auto Body Shop,"auto body shop in Texas, USA",Top Notch Body Shop & Mechanic,"5021 E Grand Ave, Dallas, TX 75223, United States",+12143052755,http://www.topnotchautoshop.com/,4.7,,https://www.google.com/maps/place/Top+Notch+Body+Shop+%26+Mechanic/data=!4m7!3m6!1s0x864e99873ba079a3:0x1967ac6a1089f45c!8m2!3d32.7893775!4d-96.7527604!16s%2Fg%2F11f5vpf20z!19sChIJo3mgO4eZToYRXPSJEGqsZxk
Texas,Auto Body Shop,"auto body shop in Texas, USA",Texas Body Shop,"108 N 15th St, Canyon, TX 79015, United States",+18066554794,http://www.texasbodyshopcanyon.com/,4.2,,https://www.google.com/maps/place/Texas+Body+Shop/data=!4m7!3m6!1s0x87015d7bd0e1ca13:0x8b9cd0b4fa09dbd4!8m2!3d34.9837083!4d-101.9283908!16s%2Fg%2F1tg7sgnh!19sChIJE8rh0HtdAYcR1NsJ-rTQnIs
Texas,Auto Body Shop,"auto body shop in Texas, USA",Texas Custom And Collision,"917 Fletcher St, Dallas, TX 75223, United States",+14696026761,,4.9,,https://www.google.com/maps/place/Texas+Custom+And+Collision/data=!4m7!3m6!1s0x864ebb75135abbe7:0x119c9be2adce08a8!8m2!3d32.7842732!4d-96.7637847!16s%2Fg%2F11jh6xtmrf!19sChIJ57taE3W7ToYRqAjOreKbnBE
Texas,Auto Body Shop,"auto body shop in Texas, USA",Save Deductible Body Shop,"263 Henry Hynds Expy, Van Alstyne, TX 75495, United States",+14694812707,http://www.savedeductiblebodyshop.com/,4.7,,https://www.google.com/maps/place/Save+Deductible+Body+Shop/data=!4m7!3m6!1s0x864c6fddaab702fd:0x9aaaad09faa89996!8m2!3d33.4178322!4d-96.5849112!16s%2Fg%2F11hd23fz_n!19sChIJ_QK3qt1vTIYRlpmo-gmtqpo
Texas,Auto Body Shop,"auto body shop in Texas, USA",Austin Body Works,"1310 E 6th St, Austin, TX 78702, United States",+15124723522,http://www.austinbodyworks.com/,5.0,,https://www.google.com/maps/place/Austin+Body+Works/data=!4m7!3m6!1s0x8644b5b066de2273:0xd87ff64345e09ded!8m2!3d30.2640038!4d-97.7284667!16s%2Fg%2F1wc48c2j!19sChIJcyLeZrC1RIYR7Z3gRUP2f9g
Texas,Auto Body Shop,"auto body shop in Texas, USA",Round Rock Auto Body,"2502 Co Rd 172, Round Rock, TX 78681, United States",+15122102960,http://www.autobodyroundrock.com/,4.9,,https://www.google.com/maps/place/Round+Rock+Auto+Body/data=!4m7!3m6!1s0x8644d1e74269961b:0xed2234562acdfaff!8m2!3d30.4861121!4d-97.6948555!16s%2Fg%2F11tcl502cp!19sChIJG5ZpQufRRIYR__rNKlY0Iu0
Texas,Auto Body Shop,"auto body shop in Texas, USA",Park Place BodyWerks,"6120 Peeler St, Dallas, TX 75235, United States",+12144438250,https://www.parkplacebodywerks.com/body-shop/dallas-collision-center.htm?,4.6,,https://www.google.com/maps/place/Park+Place+BodyWerks/data=!4m7!3m6!1s0x864e9e9ea5008d1b:0xf7596bda2fd822ca!8m2!3d32.8300894!4d-96.831298!16s%2Fg%2F1td2brfz!19sChIJG40ApZ6eToYRyiLYL9prWfc
Texas,Auto Body Shop,"auto body shop in Texas, USA",Zavala Auto Repair,"5920 Huddleston St suites 115-117-119-A, Haltom City, TX 76137, United States",+18175268166,,4.9,,https://www.google.com/maps/place/Zavala+Auto+Repair/data=!4m7!3m6!1s0x864e7766da2771dd:0x7ff5e4e5b1bc8ad!8m2!3d32.8571902!4d-97.266217!16s%2Fg%2F11fvcqg0fd!19sChIJ3XEn2mZ3ToYRrcgbW05e_wc
Texas,Auto Body Shop,"auto body shop in Texas, USA",Dallas Collision Center,"2964 Irving Blvd, Dallas, TX 75247, United States",+19727216502,https://www.dallascollision.com/,4.9,,https://www.google.com/maps/place/Dallas+Collision+Center/data=!4m7!3m6!1s0x864e9c734b1f6865:0xcce920318c31f6bb!8m2!3d32.8080558!4d-96.8564987!16s%2Fg%2F11bbrlznp7!19sChIJZWgfS3OcToYRu_YxjDEg6cw
Texas,Auto Body Shop,"auto body shop in Texas, USA",Maaco Auto Body Shop & Painting,"3215 W Euless Blvd, Euless, TX 76040, United States",+18174386857,https://www.maaco.com/locations/tx/euless-12746/?utm_source=google&utm_medium=organic&utm_campaign=gbp_website,4.7,,https://www.google.com/maps/place/Maaco+Auto+Body+Shop+%26+Painting/data=!4m7!3m6!1s0x864e7e589997f933:0xee3129eaa6f0e562!8m2!3d32.81545!4d-97.13539!16s%2Fg%2F11hczvxhpw!19sChIJM_mXmVh-ToYRYuXwpuopMe4
Texas,Auto Body Shop,"auto body shop in Texas, USA",Texas Autoworks Collision Center,"2200 Texas Ave, Bridge City, TX 77611, United States",+14097355300,,4.9,,https://www.google.com/maps/place/Texas+Autoworks+Collision+Center/data=!4m7!3m6!1s0x863eac7361891859:0x3e862befd05e0aa3!8m2!3d30.0358875!4d-93.8300364!16s%2Fg%2F1tdhm603!19sChIJWRiJYXOsPoYRowpe0O8rhj4
Texas,Auto Body Shop,"auto body shop in Texas, USA",The Auto Pro's Body Shop,"528 W Ave N, San Angelo, TX 76903, United States",+13259477767,http://www.theautopros.com/,4.8,,https://www.google.com/maps/place/The+Auto+Pro%27s+Body+Shop/data=!4m7!3m6!1s0x8657e46bf4318d35:0xe77a770c77574683!8m2!3d31.4431925!4d-100.4437021!16s%2Fg%2F1v3h_d8q!19sChIJNY0x9GvkV4YRg0ZXdwx3euc
Texas,Auto Body Shop,"auto body shop in Texas, USA",Caliber Collision,"3111 W Front St, Midland, TX 79701, United States",+14326971234,https://www.caliber.com/find-a-location/midland-w-front-st?utm_source=google&utm_medium=gbp-profile&utm_campaign=webform-GBPwebsite&utm_content=&utm_term=&utm_id=0966,4.6,,https://www.google.com/maps/place/Caliber+Collision/data=!4m7!3m6!1s0x86fbd847b64e7551:0x249eed3b62f961a7!8m2!3d31.9802645!4d-102.1074658!16s%2Fg%2F1td0ngsj!19sChIJUXVOtkfY-4YRp2H5YjvtniQ
Texas,Auto Body Shop,"auto body shop in Texas, USA",Tello's Collision Center,"2510 24th St N, Texas City, TX 77590, United States",+14099435750,https://telloscollision.com/,4.9,,https://www.google.com/maps/place/Tello%27s+Collision+Center/data=!4m7!3m6!1s0x863f7984b4109df7:0x8d4da3842d564efc!8m2!3d29.4086005!4d-94.9288857!16s%2Fg%2F1tgfdrhk!19sChIJ950QtIR5P4YR_E5WLYSjTY0
Texas,Auto Body Shop,"auto body shop in Texas, USA",Maaco Auto Body Shop & Painting,"7229 S Hulen St, Fort Worth, TX 76133, United States",+16829902108,https://www.maaco.com/locations/tx/fort-worth-12089/?utm_source=google&utm_medium=organic&utm_campaign=gbp_website,4.6,,https://www.google.com/maps/place/Maaco+Auto+Body+Shop+%26+Painting/data=!4m7!3m6!1s0x864e6d075395e4f7:0x9842d804127e93de!8m2!3d32.6417884!4d-97.395256!16s%2Fg%2F1tfshtd3!19sChIJ9-SVUwdtToYR3pN-EgTYQpg
Texas,Auto Body Shop,"auto body shop in Texas, USA",Austin Body Works,"218 S Front St, Kyle, TX 78640, United States",+15122689074,https://www.austinbodyworks.com/,4.8,,https://www.google.com/maps/place/Austin+Body+Works/data=!4m7!3m6!1s0x865b57013f99debf:0x6bb605541b62c870!8m2!3d29.9869349!4d-97.875774!16s%2Fg%2F11mx18jflv!19sChIJv96ZPwFXW4YRcMhiG1QFtms
Texas,Auto Body Shop,"auto body shop in Texas, USA",Union Auto Body,"11838 E NW Hwy, Dallas, TX 75218, United States",+12143215578,,4.7,,https://www.google.com/maps/place/Union+Auto+Body/data=!4m7!3m6!1s0x864ea0da6586b29b:0x5b9c6c8f29f9dde1!8m2!3d32.8636107!4d-96.6754041!16s%2Fg%2F1263nmt0j!19sChIJm7KGZdqgToYR4d35KY9snFs
Texas,Auto Body Shop,"auto body shop in Texas, USA",Mayo's Body Shop,"314 Harbin St, Dallas, TX 75208, United States",+12147440766,https://mayosbodyshop.com/,4.9,,https://www.google.com/maps/place/Mayo%27s+Body+Shop/data=!4m7!3m6!1s0x864e9964415729c1:0xd758365cefc436a!8m2!3d32.773062!4d-96.8281104!16s%2Fg%2F1vlzbsbz!19sChIJwSlXQWSZToYRakP8zmWDdQ0
Texas,Auto Body Shop,"auto body shop in Texas, USA","Professional Body Shop (Greenville, Tx)","5200 Pvt Rd 2743, Caddo Mills, TX 75135, United States",+12149732441,,4.6,,"https://www.google.com/maps/place/Professional+Body+Shop+%28Greenville,+Tx%29/data=!4m7!3m6!1s0x864bf054e703283d:0x26ed50f103be5156!8m2!3d33.1436462!4d-96.2772827!16s%2Fg%2F11cn8_p338!19sChIJPSgD51TwS4YRVlG-A_FQ7SY"
Texas,Auto Body Shop,"auto body shop in Texas, USA","Wranglers ""Art in Motion"" Auto Body","4041 Acton Hwy, Granbury, TX 76049, United States",+15136019246,http://wranglersauto.com/,4.8,,https://www.google.com/maps/place/Wranglers+%22Art+in+Motion%22+Auto+Body/data=!4m7!3m6!1s0x864e21a3e8296591:0x8b4a7f0e756bcaf9!8m2!3d32.4425783!4d-97.7240324!16s%2Fg%2F11bbrgy7dx!19sChIJkWUp6KMhToYR-cprdQ5_Sos
Texas,Auto Body Shop,"auto body shop in Texas, USA",Lonestar Automotive Collision,"1033 Technology Way, Waxahachie, TX 75167, United States",+14693861800,https://lonestarcollisiontx.com/,5.0,,https://www.google.com/maps/place/Lonestar+Automotive+Collision/data=!4m7!3m6!1s0x864eef9ab46c50e1:0x56b4041bf09f420c!8m2!3d32.366608!4d-96.8862477!16s%2Fg%2F11y3wmjvv0!19sChIJ4VBstJrvToYRDEKf8BsEtFY
Texas,Auto Body Shop,"auto body shop in Texas, USA",Ames Collision Center,"1912 W Mockingbird Ln, Dallas, TX 75235, United States",+19722476416,https://amescollisioncenter.com/,4.8,,https://www.google.com/maps/place/Ames+Collision+Center/data=!4m7!3m6!1s0x864e9c40e38059bf:0x7b5518ee91e0b71b!8m2!3d32.8216548!4d-96.851756!16s%2Fg%2F1tcy99k3!19sChIJv1mA40CcToYRG7fgke4YVXs
Texas,Auto Body Shop,"auto body shop in Texas, USA",West Texas Collision,"5242 N 3rd St, Abilene, TX 79603, United States",+13256921682,http://westtexascollision.com/,4.3,,https://www.google.com/maps/place/West+Texas+Collision/data=!4m7!3m6!1s0x86568ee9a45d8ba3:0x3a8295c62c9cb238!8m2!3d32.4571198!4d-99.7875396!16s%2Fg%2F11c5bmwqbq!19sChIJo4tdpOmOVoYROLKcLMaVgjo
Texas,Auto Body Shop,"auto body shop in Texas, USA","Smart Auto Care Body and Paint Shop - Fort Worth, TX","4689 FM1187 #109, Burleson, TX 76028, United States",+12542051975,,5.0,,"https://www.google.com/maps/place/Smart+Auto+Care+Body+and+Paint+Shop+-+Fort+Worth,+TX/data=!4m7!3m6!1s0x864e671939b71087:0xacce75c3f13aa0c1!8m2!3d32.580097!4d-97.261601!16s%2Fg%2F11x1q2dph1!19sChIJhxC3ORlnToYRwaA68cN1zqw"
Texas,Auto Body Shop,"auto body shop in Texas, USA",Cen-Tex Body & Paint,"1001 Pecan St, Brownwood, TX 76801, United States",+13256467753,,4.9,,https://www.google.com/maps/place/Cen-Tex+Body+%26+Paint/data=!4m7!3m6!1s0x8650c6521d811cbb:0x74de05018c75d2d4!8m2!3d31.7267875!4d-98.9789276!16s%2Fg%2F1thks34s!19sChIJuxyBHVLGUIYR1NJ1jAEF3nQ
Texas,Auto Body Shop,"auto body shop in Texas, USA",Auto Collision Center LLC,"315 Cotton Dr, Waco, TX 76712, United States",+12547764630,,5.0,,https://www.google.com/maps/place/Auto+Collision+Center+LLC/data=!4m7!3m6!1s0x864f86af8dfbcf91:0x508ea11e89ccdbac!8m2!3d31.5081811!4d-97.1889445!16s%2Fg%2F1tfw3g17!19sChIJkc_7ja-GT4YRrNvMiR6hjlA
Texas,Auto Body Shop,"auto body shop in Texas, USA",The Body Shop Collision Repair,"700 N McDonald St, McKinney, TX 75069, United States",+19725470811,http://thebodyshoptx.com/,4.5,,https://www.google.com/maps/place/The+Body+Shop+Collision+Repair/data=!4m7!3m6!1s0x864c124f0d3a5935:0x5b6cf9e20b8b36dc!8m2!3d33.2041667!4d-96.6111111!16s%2Fg%2F1tlc8ghc!19sChIJNVk6DU8STIYR3DaLC-L5bFs
Texas,Auto Body Shop,"auto body shop in Texas, USA",Auto Body Specialist,"902 N First St, Garland, TX 75040, United States",+19722764299,,4.7,,https://www.google.com/maps/place/Auto+Body+Specialist/data=!4m7!3m6!1s0x864c1d99ecc27345:0xd4e5078d7256a035!8m2!3d32.9210638!4d-96.6302948!16s%2Fg%2F1tf588xb!19sChIJRXPC7JkdTIYRNaBWco0H5dQ
Texas,Auto Body Shop,"auto body shop in Texas, USA",Bolton Custom Auto Body,"725 Holmes Dr, Granbury, TX 76048, United States",+18175790302,https://www.boltonautobody.com/,4.6,,https://www.google.com/maps/place/Bolton+Custom+Auto+Body/data=!4m7!3m6!1s0x8651dfa7f703a123:0xf4393a782ecb1e81!8m2!3d32.430576!4d-97.8169529!16s%2Fg%2F11fxb97lp3!19sChIJI6ED96ffUYYRgR7LLng6OfQ
Texas,Auto Body Shop,"auto body shop in Texas, USA",,,,,,,https://www.google.com/maps/place/JP%27s+Auto+Body+Shop/data=!4m7!3m6!1s0x864e271c301ed79d:0x5ab06f72e34ca2b2!8m2!3d32.3644116!4d-97.7733841!16s%2Fg%2F11r9_4j8kt!19sChIJndceMBwnToYRsqJM43JvsFo
Texas,Auto Body Shop,"auto body shop in Texas, USA",Maaco Auto Body Shop & Painting,"1197 Eikel St, New Braunfels, TX 78130, United States",+18305154766,https://www.maaco.com/locations/tx/new-braunfels-12741/?utm_source=google&utm_medium=organic&utm_campaign=gbp_website,4.8,,https://www.google.com/maps/place/Maaco+Auto+Body+Shop+%26+Painting/data=!4m7!3m6!1s0x865c97dec569672d:0x36e6dcd2c2f133e0!8m2!3d29.6957709!4d-98.1373518!16s%2Fg%2F11dym3j61d!19sChIJLWdpxd6XXIYR4DPxwtLc5jY
Texas,Auto Body Shop,"auto body shop in Texas, USA",Frank Kent Auto Body Shop,"3450 W Loop 820 S, Fort Worth, TX 76116, United States",+18179894400,https://www.fkbodyshop.com/?utm_source=GMBlisting&utm_medium=organic&utm_campaign=website,4.4,,https://www.google.com/maps/place/Frank+Kent+Auto+Body+Shop/data=!4m7!3m6!1s0x864e0d5e0730171f:0x426bade4a02a059a!8m2!3d32.7219886!4d-97.4816744!16s%2Fg%2F126180yb6!19sChIJHxcwB14NToYRmgUqoOSta0I
Texas,Auto Body Shop,"auto body shop in Texas, USA",Xtreme Auto Body,"1608 E Main St, Grand Prairie, TX 75050, United States",+19722649143,,4.6,,https://www.google.com/maps/place/Xtreme+Auto+Body/data=!4m7!3m6!1s0x864e85b542730ebb:0x3e0120395f332a76!8m2!3d32.7479166!4d-96.9844743!16s%2Fg%2F1tzgk10j!19sChIJuw5zQrWFToYRdiozXzkgAT4
Texas,Auto Body Shop,"auto body shop in Texas, USA",Maaco Auto Body Shop & Painting,"1205 Summit Ave, Plano, TX 75074, United States",+14693316028,https://www.maaco.com/locations/tx/plano-12790/?utm_source=google&utm_medium=organic&utm_campaign=gbp_website,4.6,,https://www.google.com/maps/place/Maaco+Auto+Body+Shop+%26+Painting/data=!4m7!3m6!1s0x864c1922cdb94583:0xe9d7d47e66257ad1!8m2!3d33.0096803!4d-96.6961785!16s%2Fg%2F1w6_p6mn!19sChIJg0W5zSIZTIYR0XolZn7U1-k
Texas,Auto Body Shop,"auto body shop in Texas, USA",The Body Shop Collision Repair,"430 Business Park Drive, Prosper, TX 75078, United States",+19723465150,http://thebodyshoptx.com/,4.6,,https://www.google.com/maps/place/The+Body+Shop+Collision+Repair/data=!4m7!3m6!1s0x864c3f41ad97447f:0x4d27aeddcf21dba0!8m2!3d33.2324103!4d-96.8159117!16s%2Fg%2F11b7vzgwby!19sChIJf0SXrUE_TIYRoNshz92uJ00
Texas,Auto Body Shop,"auto body shop in Texas, USA",Hunter Body Works,"3088 W Washington St, Stephenville, TX 76401, United States",+12549682886,http://www.hunterbodyworks.com/,4.9,,https://www.google.com/maps/place/Hunter+Body+Works/data=!4m7!3m6!1s0x8651b6fa711893a9:0xb39764249e717115!8m2!3d32.1979103!4d-98.252922!16s%2Fg%2F11b6dpxh6j!19sChIJqZMYcfq2UYYRFXFxniRkl7M
Texas,Auto Body Shop,"auto body shop in Texas, USA",Texas T Paint & Body,"2902 W Main St, Atlanta, TX 75551, United States",+19037968398,,4.8,,https://www.google.com/maps/place/Texas+T+Paint+%26+Body/data=!4m7!3m6!1s0x863425d25269f209:0x84bdec9797cacb34!8m2!3d33.1024261!4d-94.2115939!16s%2Fg%2F1tjfbmwx!19sChIJCfJpUtIlNIYRNMvKl5fsvYQ
Texas,Auto Body Shop,"auto body shop in Texas, USA",Hance's Uptown Collision Center,"1201 E Plano Pkwy, Plano, TX 75074, United States",+14698409377,https://www.hanceauto.com/,4.8,,https://www.google.com/maps/place/Hance%27s+Uptown+Collision+Center/data=!4m7!3m6!1s0x864c199670980641:0xb982edc7a9206022!8m2!3d33.0077285!4d-96.6967544!16s%2Fg%2F11j8k6gtjq!19sChIJQQaYcJYZTIYRImAgqcftgrk
Texas,Auto Body Shop,"auto body shop in Texas, USA",Maaco Auto Body Shop & Painting,"16040 Central Commerce Dr, Pflugerville, TX 78660, United States",+15122534928,https://www.maaco.com/locations/tx/pflugerville-12952/?utm_source=google&utm_medium=organic&utm_campaign=gbp_website,4.7,,https://www.google.com/maps/place/Maaco+Auto+Body+Shop+%26+Painting/data=!4m7!3m6!1s0x8644cf67027ba5e9:0x4eae36d9371f3592!8m2!3d30.453906!4d-97.657418!16s%2Fg%2F11nn26jd1b!19sChIJ6aV7AmfPRIYRkjUfN9k2rk4
Texas,Auto Body Shop,"auto body shop in Texas, USA",Stonewall Body Shop,"14407 US-290, Stonewall, TX 78671, United States",+18306445575,http://www.stonewallbodyshop.com/,4.6,,https://www.google.com/maps/place/Stonewall+Body+Shop/data=!4m7!3m6!1s0x865b97fead0190d1:0x4c2b6bd8e782d934!8m2!3d30.235468!4d-98.6651849!16s%2Fg%2F1tdd12yq!19sChIJ0ZABrf6XW4YRNNmC59hrK0w
Texas,Auto Body Shop,"auto body shop in Texas, USA",Car Body Repair by Car Body Club,"6307 Washington Ave unit B, Houston, TX 77007, United States",+18324443005,http://www.carbodyclub.com/,4.9,,https://www.google.com/maps/place/Car+Body+Repair+by+Car+Body+Club/data=!4m7!3m6!1s0x8640c7c3c423f60d:0xda903f806593725f!8m2!3d29.7733996!4d-95.4255074!16s%2Fg%2F11vlm2_0vh!19sChIJDfYjxMPHQIYRX3KTZYA_kNo
Texas,Auto Body Shop,"auto body shop in Texas, USA",Touch Up Auto Body,"800 Peach St, Arlington, TX 76011, United States",+19562465407,https://www.touchupbodyshop.com/,4.9,,https://www.google.com/maps/place/Touch+Up+Auto+Body/data=!4m7!3m6!1s0x864e875bbc908e7f:0x2cb5388947d2b366!8m2!3d32.7446252!4d-97.0980475!16s%2Fg%2F11mtfhhyfr!19sChIJf46QvFuHToYRZrPSR4k4tSw
Texas,Auto Body Shop,"auto body shop in Texas, USA",Maaco Auto Body Shop & Painting,"1010 Franklin Ave, Waco, TX 76701, United States",+12543008987,https://www.maaco.com/locations/tx/waco-11017/?utm_source=google&utm_medium=organic&utm_campaign=gbp_website,4.6,,https://www.google.com/maps/place/Maaco+Auto+Body+Shop+%26+Painting/data=!4m7!3m6!1s0x864f824cd19831e5:0xf21b243a5e6828f6!8m2!3d31.5513875!4d-97.1355933!16s%2Fg%2F1td8zjqt!19sChIJ5TGY0UyCT4YR9ihoXjokG_I
Texas,Auto Body Shop,"auto body shop in Texas, USA",Justin's Collision “TEXAS”,"3675 Co Rd 255, Stephenville, TX 76401, United States",+12544851823,https://www.facebook.com/share/17KsM7ZDux/?mibextid=wwXIfr,5.0,,https://www.google.com/maps/place/Justin%27s+Collision+%E2%80%9CTEXAS%E2%80%9D/data=!4m7!3m6!1s0x8651b3fb0ffa6b7b:0xc1a95fc2571fb48b!8m2!3d32.1714759!4d-98.2302534!16s%2Fg%2F11c2lydjlp!19sChIJe2v6D_uzUYYRi7QfV8JfqcE
Texas,Auto Body Shop,"auto body shop in Texas, USA",Advantage Auto Body,"401 Texas Ave, Round Rock, TX 78664, United States",+15128842233,,4.8,,https://www.google.com/maps/place/Advantage+Auto+Body/data=!4m7!3m6!1s0x8644d17417769b5b:0x6d51cdd57029096d!8m2!3d30.530354!4d-97.6820832!16s%2Fg%2F11v3mdwwhb!19sChIJW5t2F3TRRIYRbQkpcNXNUW0
Texas,Auto Body Shop,"auto body shop in Texas, USA",Maaco Auto Body Shop & Painting,"10200 N Lamar Blvd, Austin, TX 78753, United States",+15124817280,https://www.maaco.com/locations/tx/austin-11806/?utm_source=google&utm_medium=organic&utm_campaign=gbp_website,4.2,,https://www.google.com/maps/place/Maaco+Auto+Body+Shop+%26+Painting/data=!4m7!3m6!1s0x8644c95e07ced53d:0x47d07742815fa250!8m2!3d30.3712079!4d-97.6931481!16s%2Fg%2F1tcys6nh!19sChIJPdXOB17JRIYRUKJfgUJ30Ec
Texas,Auto Body Shop,"auto body shop in Texas, USA",East Texas Collision Center,"2071 LOOP 500 East, Center, TX 75935, United States",+19365984745,,4.6,,https://www.google.com/maps/place/East+Texas+Collision+Center/data=!4m7!3m6!1s0x86376f71233e1043:0x7fb67f4d8db2a087!8m2!3d31.7821331!4d-94.1560134!16s%2Fg%2F11j1f4l4h6!19sChIJQxA-I3FvN4YRh6CyjU1_tn8
Texas,Auto Body Shop,"auto body shop in Texas, USA",LATINOS AUTO BODY REPAIR,"8922 Karens Corner, Alvarado, TX 76009, United States",+12392340477,,5.0,,https://www.google.com/maps/place/LATINOS+AUTO+BODY+REPAIR/data=!4m7!3m6!1s0x864e6118df343499:0x7cb77b49b205527a!8m2!3d32.4720327!4d-97.1615738!16s%2Fg%2F11g0g_yhph!19sChIJmTQ03xhhToYRelIFskl7t3w
Texas,Auto Body Shop,"auto body shop in Texas, USA",Big Country Collision,"5234 N 3rd St, Abilene, TX 79603, United States",+13256924799,http://bigcountrycollision.com/,4.8,,https://www.google.com/maps/place/Big+Country+Collision/data=!4m7!3m6!1s0x86568ee9087d33f5:0x8c6b7342d9b6ebe6!8m2!3d32.4571382!4d-99.7871738!16s%2Fg%2F1v_snnbb!19sChIJ9TN9COmOVoYR5uu22UJza4w
